{
    "company_name": "DoktorConnect",
    "website": "http://www.doktorconnect.com/us",
    "year_founded": "2021",
    "description": "DoktorConnect utilizes cutting-edge technology to predict, prevent, treat diseases, and track real-time progress, improving longevity and well-being.",
    "problem_statement": "DoktorConnect was founded in response to a deeply personal tragedy—its founder lost a friend to undiagnosed diabetes. The company aims to close this gap by offering a digital health platform for real-time disease monitoring, personalized care, and predictive diagnostics, especially in underserved markets where proactive healthcare access is limited.",
    "pitch_deck_link": "https://drive.google.com/file/d/1FD7io12n1n5JQXvU5bXNpSgpC7Jkova8/view?usp=drivesdk",
    "demo_link": "https://bit.ly/DoktorconnectAppDemo",
"scoring": {
        "market_opportunity": {
            "score": 4,
            "justification": "Focused on a growing, under-supported segment where preventive care access is limited. Market is large and expanding globally."
        },
        "product_differentiation": {
            "score": 4,
            "justification": "Unique combination of IoT, AI, and human coaching creates strong barriers. Platform approach enables multiple revenue streams."
        },
        "go_to_market_traction": {
            "score": 4,
            "justification": "Strong traction in Nigeria with 447,000 users and national education deal. US entry showing early promise."
        },
        "ecosystem_signals": {
            "score": 3,
            "justification": "Good traction in emerging markets, but US presence and partnerships still developing."
        },
        "founder_team_strength": {
            "score": 4,
            "justification": "Strong technical and medical leadership with personal mission connection."
        },
        "strategic_fit": {
            "score": 4,
            "justification": "Strong fit for SV's focus on health and longevity innovation. The tech-enabled, preventive-first model aligns with emerging wellness infrastructure and employer-led care delivery."
        }
    },
    "red_flags": [
        "Website and branding lack US-market polish.",
        "Sales cycle is long and complex (6–12 months), reliant on institutional decision makers.",
        "Limited traction in US to date."
    ],
    "founder_profile": {
        "name": "Jide Fadairo (CTO), Chinwe Ogedegbe (CMO)",
        "highlights": [
            "Jide Fadairo has led product and technology innovation, including integration of IoT, data analytics, and mobile platforms.",
            "Chinwe Ogedegbe is a physician executive with MPH and MBA, specializing in public health and digital transformation.",
            "The founding team built the solution based on personal loss and unmet health system gaps.",
            "Strong early execution in Nigeria, and now applying learnings to US corporate and insurance markets."
        ]
    },
    "founder_impact_assessment": [
        "Developed a multi-product platform that combines diagnostics, monitoring, and behavior change tools.",
        "Scaled to 447,000 users in Nigeria and signed a national education sector deal.",
        "Built medical IoT integrations, mental wellness apps, and digital coaching modules.",
        "Transitioning from B2C to B2B2C in both Nigeria and the US to improve margins and access."
    ],
    "sv_thesis_fit": {
        "sector_fit": {
            "score": 5,
            "justification": "Fits squarely in SV's healthcare transformation thesis, with applications in longevity, chronic care, and employer wellness benefits."
        },
        "employer_ecosystem_leverage": {
            "score": 4,
            "justification": "B2B2C model targets employers, schools, and insurers—aligned with SV employer distribution model."
        },
        "gtm_support_potential": {
            "score": 4,
            "justification": "SV's GTM playbooks and distribution channels could accelerate US entry and benefits packaging."
        },
        "strategic_partner_amplification": {
            "score": 4,
            "justification": "Could pair well with benefit brokers, digital health tools, and employer HR systems to create bundled care offerings."
        },
        "acceleration_readiness": {
            "score": 4,
            "justification": "Early traction, modular platform, and validated pain point show promise—though US-market adaptation is still in early phases."
        }
    },
    "successes_and_areas_of_investigation": [
        {
            "type": "Success",
            "description": "Signed agreement to onboard Nigeria's entire higher education student population (40.1M potential users).",
            "context": "Nigeria rollout",
            "outcome": "Massive pipeline for preventive health expansion with near-zero CAC."
        },
        {
            "type": "Success",
            "description": "Built an interoperable digital health platform integrating AI, IoT, virtual care, and diagnostics.",
            "context": "DoktorConnect ecosystem",
            "outcome": "Differentiated offering, strong user stickiness, potential for multiple revenue streams."
        },
        {
            "type": "Area of Investigation",
            "description": "Execution of US-market entry strategy and localization.",
            "context": "US expansion",
            "outcome": "Evaluate needs for rebranding, compliance, GTM motion redesign, and strategic partnerships."
        },
        {
            "type": "Area of Investigation",
            "description": "Clarifying pricing structure across subscription, device, and diagnostic services.",
            "context": "Monetization model",
            "outcome": "Need clearer messaging and value quantification for buyers."
        }
    ],
    "category_comparison": "Competes in preventive digital health, longevity, and personalized care platforms. Targets underserved and scalable markets with a differentiated multi-product approach. Requires US-specific positioning to differentiate from incumbents like Function Health, InsideTracker, and forward-looking digital health plans like Parsley or One Medical.",
    "category_comparison_expanded": {
        "primary_competitors": [
            {
                "name": "Function Health",
                "description": "Consumer-facing longevity health tracking with annual blood tests and dashboards.",
                "comparison": "Function is consumer-first; DoktorConnect has B2B2C institutional partnerships and broader diagnostics + IoT integration."
            },
            {
                "name": "Superpower",
                "description": "Longevity & metabolic health platform focused on personalized diagnostics and coaching.",
                "comparison": "Both focus on long-term wellness. DoktorConnect offers real-time vital monitoring and wider preventive scope."
            },
            {
                "name": "Included Health / Accolade",
                "description": "Navigation platforms integrating benefits, providers, and telehealth.",
                "comparison": "DoktorConnect offers more personalized diagnostics and frontline data collection, though less enterprise brand visibility today."
            },
            {
                "name": "LifeOmic / InsideTracker",
                "description": "Biomarker + lifestyle optimization platforms.",
                "comparison": "More data-rich in DNA/wellness metrics, but DoktorConnect's device/human hybrid approach is more practical in emerging markets."
            }
        ],
        "competitive_matrix": {
            "columns": ["Full-Suite Diagnostics", "Genetic Testing", "IoT Monitoring", "Institutional Access", "AI-Driven Coaching", "US-Market Positioning"],
            "rows": {
                "DoktorConnect": [true, true, true, true, true, "partial"],
                "Function Health": [true, false, false, false, false, true],
                "Superpower": [true, true, false, false, true, true],
                "Included Health": [false, false, false, true, true, true],
                "InsideTracker": [true, true, false, false, true, true]
            }
        },
        "conclusion": "DoktorConnect's strength lies in combining frontline health access with data-driven care for underserved and institutional populations. While less polished for the US market, its infrastructure and mission align well with global health trends and longevity ambitions. SV could accelerate US-market entry, go-to-market refinement, and ecosystem credibility."
    },
    "final_recommendation": {
        "status": "Advance",
        "rationale": "DoktorConnect shows substantial traction, mission alignment, and technical breadth. While US-market refinement is needed, the platform is scalable, the team mission-driven, and its value proposition compelling. Strong fit for SV support in GTM, distribution, and credibility building."
    }
}
