{
  "company_name": "GTM Flow",
  "website": "https://www.gtmflow.com",
  "year_founded": "2021",
  "description": "GTM Flow delivers executive coaching and strategic GTM advisory services tailored to revenue leaders at high-growth companies.",
  "problem_statement": "Revenue leaders often lack structured, continuous development and support to succeed in their high-stakes roles. GTM Flow offers frameworks and personalized coaching to reduce churn, improve execution, and elevate performance.",
  "pitch_deck_link": "https://docs.google.com/presentation/d/16-PULH2wlOu-TV7iXXNWDfsUxQ9LxWnSbY3ShOPpols/edit?usp=sharing",
  "demo_link": "https://share.descript.com/view/4zU8JcMWofj",
  "scoring": {
    "market_opportunity": {
      "score": 4,
      "justification": "Focused on a growing, under-supported segment—CROs, CMOs, RevOps execs—where churn and burnout are costly. Market is fragmented but demand is strong."
    },
    "product_differentiation": {
      "score": 5,
      "justification": "Combines productized coaching (via Curveball Method), strong narrative positioning, and measurable value targeting B2B revenue teams."
    },
    "go_to_market_traction": {
      "score": 3,
      "justification": "Website and demo suggest early traction and clear productization, but quantitative data (ARR, clients, retention) was not disclosed."
    },
    "ecosystem_signals": {
      "score": 4,
      "justification": "Founder credibility is high; GTM Flow is active in B2B SaaS networks. Several partner logos and testimonials are featured, including roles at Gainsight and Lattice."
    },
    "founder_team_strength": {
      "score": 5,
      "justification": "Joelle Gropper Kaufman is a standout GTM operator and coach, blending C-suite experience with unique frameworks."
    },
    "strategic_fit": {
      "score": 4,
      "justification": "Strong fit with SV’s thesis on workforce transformation, especially in leadership enablement and performance optimization."
    }
  },
  "red_flags": [
    "No published pricing or volume metrics.",
    "Business model scalability may hinge on evolving from 1:1 to group/digital formats."
  ],
  "founder_profile": {
    "name": "Joelle Gropper Kaufman",
    "highlights": [
      "Former CMO/Head of GTM at companies like Dynamic Signal, Spigit, and Bloomreach.",
      "20+ years scaling sales and marketing teams across growth-stage and enterprise SaaS companies.",
      "Creator of the 'Curveball Method' (resilience-building framework used in coaching).",
      "Author of *Crushing the Cancer Curveball*.",
      "Strong executive network; engaged in GTM forums, leadership retreats, and health tech communities."
    ]
  },
  "founder_impact_assessment": [
    "Built inside sales and marketing ops from scratch in multiple SaaS companies.",
    "Architected GTM playbooks adopted company-wide.",
    "Drove marketing-influenced pipeline growth (~3x in 18 months).",
    "Launched GTM Flow to blend tactical execution support with emotional intelligence coaching."
  ],
  "sv_thesis_fit": {
    "sector_fit": {
      "score": 5,
      "justification": "Directly supports workforce optimization and leadership performance—SV core themes."
    },
    "employer_ecosystem_leverage": {
      "score": 4,
      "justification": "Coaching targets SV-relevant roles (CROs, CMOs); product could integrate well with employer-focused portfolios."
    },
    "gtm_support_potential": {
      "score": 3,
      "justification": "Could benefit from GTM enablement and advisory scaling but has an already mature positioning."
    },
    "strategic_partner_amplification": {
      "score": 3,
      "justification": "Possible use cases for partner orgs (benefits brokers, HR tech), but less synergistic than product-led companies."
    },
    "acceleration_readiness": {
      "score": 5,
      "justification": "Clear frameworks, defined personas, polished pitch/demo—all signals of operational maturity."
    }
  },
  "successes_and_areas_of_investigation": [
    {
      "type": "Success",
      "description": "Launched GTM Flow and gained early traction with revenue execs",
      "context": "GTM Flow",
      "outcome": "Demonstrates high trust, early adoption"
    },
    {
      "type": "Success",
      "description": "Developed and productized Curveball Method as leadership system",
      "context": "GTM Flow",
      "outcome": "Framework adopted by coaching clients across orgs"
    },
    {
      "type": "Area of Investigation",
      "description": "Scaling constraints of 1:1 coaching delivery",
      "context": "GTM Flow",
      "outcome": "Need to assess cohort model, async, or SaaS format"
    },
    {
      "type": "Area of Investigation",
      "description": "Lack of disclosed financial or adoption metrics",
      "context": "GTM Flow",
      "outcome": "Add clarity on revenue, client base, and pricing"
    }
  ],
  "category_comparison": "Among executive coaching and GTM advisory peers, GTM Flow stands out for packaging, storytelling, and founder pedigree. Others may offer point solutions (e.g. sales enablement tech) but lack leadership depth. GTM Flow could benefit by adding lighter-touch formats to compete with scalable GTM platforms.",
  "category_comparison_expanded": {
    "primary_competitors": [
      {
        "name": "The CRO Collective",
        "description": "Coaching and consulting for CROs focused on building 'CRO-Ready' orgs.",
        "comparison": "GTM Flow differentiates with its resilience framework and personal leadership focus."
      },
      {
        "name": "GTM Buddy",
        "description": "Sales enablement platform delivering contextual content within workflows.",
        "comparison": "GTM Flow offers higher-touch, leadership-centric services rather than tech-driven enablement."
      },
      {
        "name": "Insight7",
        "description": "Sales coaching software informed by performance analytics.",
        "comparison": "Insight7 scales through software; GTM Flow focuses on human coaching and mindset development."
      },
      {
        "name": "GTM Sprints (Edwin Abl)",
        "description": "Time-bound GTM accelerator workshops and playbook creation.",
        "comparison": "GTM Flow offers ongoing development vs. GTM Sprints' project-based approach."
      }
    ],
    "competitive_matrix": {
      "columns": ["Personalized Coaching", "Proprietary Framework", "AI-Driven Insights", "Project-Based Engagements", "Continuous Support Model", "Revenue Leader Focus"],
      "rows": {
        "GTM Flow": [true, true, false, false, true, true],
        "The CRO Collective": [true, false, false, false, true, true],
        "GTM Buddy": [false, false, true, false, false, true],
        "Insight7": [false, false, true, false, false, true],
        "GTM Sprints": [false, true, false, true, false, true]
      }
    },
    "conclusion": "GTM Flow carves out a unique space through high-touch coaching, proprietary frameworks, and a focus on the whole leader—not just sales performance. To stay ahead, it may need to add scalable formats and selectively integrate tech-driven insights."
  },
  "final_recommendation": {
    "status": "Hold",
    "rationale": "GTMFlow presents a differentiated and emotionally resonant product concept driven by a strong founder with deep domain and executive experience. However, the solo founder model, lack of demonstrated traction, and limited scalability of the current solution introduce execution risks. With added GTM structure, productization of coaching frameworks, and early customer validation, this company could become a compelling strategic fit for SV."
  }
}
